project,module,commit,path_test,test_name,path_src,class_name
empire-db,empire-db,b88d326871012a62abec0fcfa14358946570903a,/home/dorma10/lightweight-effectiveness/projects/empire-db/empire-db/src/test/java/org/apache/empire/commons/AttributesTest.java,org.apache.empire.commons.AttributesTest,/home/dorma10/lightweight-effectiveness/projects/empire-db/empire-db/src/main/java/org/apache/empire/commons/Attributes.java,org.apache.empire.commons.Attributes
empire-db,empire-db,b88d326871012a62abec0fcfa14358946570903a,/home/dorma10/lightweight-effectiveness/projects/empire-db/empire-db/src/test/java/org/apache/empire/commons/OptionsTest.java,org.apache.empire.commons.OptionsTest,/home/dorma10/lightweight-effectiveness/projects/empire-db/empire-db/src/main/java/org/apache/empire/commons/Options.java,org.apache.empire.commons.Options
empire-db,empire-db,b88d326871012a62abec0fcfa14358946570903a,/home/dorma10/lightweight-effectiveness/projects/empire-db/empire-db/src/test/java/org/apache/empire/commons/DateUtilsTest.java,org.apache.empire.commons.DateUtilsTest,/home/dorma10/lightweight-effectiveness/projects/empire-db/empire-db/src/main/java/org/apache/empire/commons/DateUtils.java,org.apache.empire.commons.DateUtils
empire-db,empire-db,b88d326871012a62abec0fcfa14358946570903a,/home/dorma10/lightweight-effectiveness/projects/empire-db/empire-db/src/test/java/org/apache/empire/commons/ErrorTypeTest.java,org.apache.empire.commons.ErrorTypeTest,/home/dorma10/lightweight-effectiveness/projects/empire-db/empire-db/src/main/java/org/apache/empire/commons/ErrorType.java,org.apache.empire.commons.ErrorType
empire-db,empire-db,b88d326871012a62abec0fcfa14358946570903a,/home/dorma10/lightweight-effectiveness/projects/empire-db/empire-db/src/test/java/org/apache/empire/commons/ObjectUtilsTest.java,org.apache.empire.commons.ObjectUtilsTest,/home/dorma10/lightweight-effectiveness/projects/empire-db/empire-db/src/main/java/org/apache/empire/commons/ObjectUtils.java,org.apache.empire.commons.ObjectUtils
empire-db,empire-db,b88d326871012a62abec0fcfa14358946570903a,/home/dorma10/lightweight-effectiveness/projects/empire-db/empire-db/src/test/java/org/apache/empire/commons/StringUtilsTest.java,org.apache.empire.commons.StringUtilsTest,/home/dorma10/lightweight-effectiveness/projects/empire-db/empire-db/src/main/java/org/apache/empire/commons/StringUtils.java,org.apache.empire.commons.StringUtils
empire-db,empire-db,b88d326871012a62abec0fcfa14358946570903a,/home/dorma10/lightweight-effectiveness/projects/empire-db/empire-db/src/test/java/org/apache/empire/commons/OptionEntryTest.java,org.apache.empire.commons.OptionEntryTest,/home/dorma10/lightweight-effectiveness/projects/empire-db/empire-db/src/main/java/org/apache/empire/commons/OptionEntry.java,org.apache.empire.commons.OptionEntry
empire-db,empire-db,b88d326871012a62abec0fcfa14358946570903a,/home/dorma10/lightweight-effectiveness/projects/empire-db/empire-db/src/test/java/org/apache/empire/db/DBCommandTest.java,org.apache.empire.db.DBCommandTest,/home/dorma10/lightweight-effectiveness/projects/empire-db/empire-db/src/main/java/org/apache/empire/db/DBCommand.java,org.apache.empire.db.DBCommand
empire-db,empire-db,b88d326871012a62abec0fcfa14358946570903a,/home/dorma10/lightweight-effectiveness/projects/empire-db/empire-db/src/test/java/org/apache/empire/db/expr/set/DBSetExprTest.java,org.apache.empire.db.expr.set.DBSetExprTest,/home/dorma10/lightweight-effectiveness/projects/empire-db/empire-db/src/main/java/org/apache/empire/db/expr/set/DBSetExpr.java,org.apache.empire.db.expr.set.DBSetExpr
empire-db,empire-db,b88d326871012a62abec0fcfa14358946570903a,/home/dorma10/lightweight-effectiveness/projects/empire-db/empire-db/src/test/java/org/apache/empire/db/mysql/DBDatabaseDriverMySQLTest.java,org.apache.empire.db.mysql.DBDatabaseDriverMySQLTest,/home/dorma10/lightweight-effectiveness/projects/empire-db/empire-db/src/main/java/org/apache/empire/db/mysql/DBDatabaseDriverMySQL.java,org.apache.empire.db.mysql.DBDatabaseDriverMySQL
empire-db,empire-db,b88d326871012a62abec0fcfa14358946570903a,/home/dorma10/lightweight-effectiveness/projects/empire-db/empire-db/src/test/java/org/apache/empire/db/postgresql/DBDatabaseDriverPostgreSQLTest.java,org.apache.empire.db.postgresql.DBDatabaseDriverPostgreSQLTest,/home/dorma10/lightweight-effectiveness/projects/empire-db/empire-db/src/main/java/org/apache/empire/db/postgresql/DBDatabaseDriverPostgreSQL.java,org.apache.empire.db.postgresql.DBDatabaseDriverPostgreSQL
empire-db,empire-db,b88d326871012a62abec0fcfa14358946570903a,/home/dorma10/lightweight-effectiveness/projects/empire-db/empire-db/src/test/java/org/apache/empire/db/sqlite/DBDatabaseDriverSQLiteTest.java,org.apache.empire.db.sqlite.DBDatabaseDriverSQLiteTest,/home/dorma10/lightweight-effectiveness/projects/empire-db/empire-db/src/main/java/org/apache/empire/db/sqlite/DBDatabaseDriverSQLite.java,org.apache.empire.db.sqlite.DBDatabaseDriverSQLite
empire-db,empire-db,b88d326871012a62abec0fcfa14358946570903a,/home/dorma10/lightweight-effectiveness/projects/empire-db/empire-db/src/test/java/org/apache/empire/db/hsql/DBDatabaseDriverHSqlTest.java,org.apache.empire.db.hsql.DBDatabaseDriverHSqlTest,/home/dorma10/lightweight-effectiveness/projects/empire-db/empire-db/src/main/java/org/apache/empire/db/hsql/DBDatabaseDriverHSql.java,org.apache.empire.db.hsql.DBDatabaseDriverHSql
